{"stats":{"minecraft:used":{"minecraft:dirt":8},"minecraft:mined":{"minecraft:short_grass":1,"minecraft:grass_block":14,"minecraft:dirt":12},"minecraft:custom":{"minecraft:jump":46,"minecraft:time_since_rest":4167,"minecraft:leave_game":1,"minecraft:crouch_one_cm":1141,"minecraft:sprint_one_cm":2365,"minecraft:play_time":4167,"minecraft:damage_taken":70,"minecraft:time_since_death":4167,"minecraft:walk_one_cm":6786,"minecraft:sneak_time":527,"minecraft:total_world_time":4167,"minecraft:fall_one_cm":1647,"minecraft:fly_one_cm":1610},"minecraft:picked_up":{"minecraft:dirt":23}},"DataVersion":3953}