{"stats":{"minecraft:dropped":{"minecraft:dirt":4,"minecraft:iron_pickaxe":1},"minecraft:custom":{"minecraft:interact_with_furnace":8,"minecraft:mob_kills":43,"minecraft:interact_with_crafting_table":10,"minecraft:leave_game":1,"minecraft:time_since_death":31248,"minecraft:sleep_in_bed":9,"minecraft:time_since_rest":53184,"minecraft:sprint_one_cm":166390,"minecraft:damage_taken":823,"minecraft:walk_one_cm":152236,"minecraft:drop":4,"minecraft:damage_dealt":3689,"minecraft:swim_one_cm":23052,"minecraft:fly_one_cm":129184,"minecraft:open_chest":10,"minecraft:crouch_one_cm":7211,"minecraft:play_time":106569,"minecraft:deaths":1,"minecraft:sneak_time":3067,"minecraft:walk_under_water_one_cm":2056,"minecraft:jump":711,"minecraft:walk_on_water_one_cm":4280,"minecraft:total_world_time":106569,"minecraft:fall_one_cm":17407},"minecraft:crafted":{"minecraft:oak_planks":24,"minecraft:crafting_table":2,"minecraft:wooden_pickaxe":1,"minecraft:iron_sword":1,"minecraft:furnace":1,"minecraft:bread":3,"minecraft:air":0,"minecraft:charcoal":1,"minecraft:stick":20,"minecraft:iron_ingot":11,"minecraft:iron_pickaxe":2,"minecraft:stone_pickaxe":1,"minecraft:torch":8,"minecraft:wheat":9},"minecraft:used":{"minecraft:leather_leggings":1,"minecraft:stone_pickaxe":126,"minecraft:leather_chestplate":1,"minecraft:wooden_pickaxe":59,"minecraft:iron_sword":70,"minecraft:torch":9,"minecraft:dirt":23,"minecraft:crafting_table":4,"minecraft:white_bed":2,"minecraft:bread":8,"minecraft:iron_pickaxe":273,"minecraft:leather_helmet":1,"minecraft:cobblestone":89,"minecraft:oak_sapling":2,"minecraft:furnace":1,"minecraft:porkchop":1,"minecraft:andesite":5,"minecraft:dandelion":1},"minecraft:broken":{"minecraft:wooden_pickaxe":1},"minecraft:killed":{"minecraft:pig":1,"minecraft:spider":41,"minecraft:skeleton":1},"minecraft:picked_up":{"minecraft:crafting_table":2,"minecraft:andesite":34,"minecraft:oak_log":37,"minecraft:lapis_lazuli":16,"minecraft:string":45,"minecraft:dirt":51,"minecraft:bone":2,"minecraft:bow":1,"minecraft:wheat_seeds":1,"minecraft:iron_pickaxe":1,"minecraft:sugar_cane":28,"minecraft:raw_iron":62,"minecraft:stick":1,"minecraft:torch":1,"minecraft:porkchop":1,"minecraft:diorite":17,"minecraft:white_bed":2,"minecraft:spider_eye":16,"minecraft:rotten_flesh":4,"minecraft:diamond":8,"minecraft:hay_block":1,"minecraft:granite":3,"minecraft:oak_sapling":2,"minecraft:coal":52,"minecraft:cobblestone":261},"minecraft:mined":{"minecraft:diamond_ore":6,"minecraft:white_bed":2,"minecraft:deepslate_diamond_ore":2,"minecraft:crafting_table":2,"minecraft:granite":3,"minecraft:short_grass":21,"minecraft:grass_block":8,"minecraft:tall_grass":5,"minecraft:cobblestone":6,"minecraft:lapis_ore":2,"minecraft:sugar_cane":11,"minecraft:diorite":17,"minecraft:wall_torch":1,"minecraft:hay_block":1,"minecraft:iron_ore":65,"minecraft:andesite":34,"minecraft:oak_log":37,"minecraft:coal_ore":52,"minecraft:dirt_path":2,"minecraft:dirt":40,"minecraft:stone":255,"minecraft:oak_leaves":20},"minecraft:killed_by":{"minecraft:player":1}},"DataVersion":3953}