{"stats":{"minecraft:crafted":{"minecraft:oak_planks":28,"minecraft:crafting_table":3,"minecraft:wooden_pickaxe":1,"minecraft:iron_sword":1,"minecraft:furnace":1,"minecraft:bread":3,"minecraft:air":0,"minecraft:diamond_helmet":1,"minecraft:diamond_leggings":1,"minecraft:charcoal":1,"minecraft:stick":20,"minecraft:stone_pickaxe":1,"minecraft:iron_ingot":11,"minecraft:iron_pickaxe":2,"minecraft:diamond_boots":1,"minecraft:torch":8,"minecraft:diamond_chestplate":1,"minecraft:wheat":9},"minecraft:custom":{"minecraft:interact_with_furnace":11,"minecraft:mob_kills":45,"minecraft:interact_with_crafting_table":11,"minecraft:leave_game":5,"minecraft:time_since_death":67553,"minecraft:sleep_in_bed":9,"minecraft:time_since_rest":89489,"minecraft:sprint_one_cm":268068,"minecraft:damage_taken":1412,"minecraft:walk_one_cm":199545,"minecraft:drop":32,"minecraft:damage_dealt":5107,"minecraft:player_kills":6,"minecraft:swim_one_cm":24796,"minecraft:talked_to_villager":1,"minecraft:fly_one_cm":472436,"minecraft:open_chest":12,"minecraft:crouch_one_cm":9701,"minecraft:play_time":142874,"minecraft:deaths":1,"minecraft:sneak_time":5181,"minecraft:walk_under_water_one_cm":4215,"minecraft:jump":1327,"minecraft:walk_on_water_one_cm":6217,"minecraft:total_world_time":142874,"minecraft:fall_one_cm":36451},"minecraft:mined":{"minecraft:diamond_ore":6,"minecraft:white_bed":3,"minecraft:deepslate_diamond_ore":35,"minecraft:crafting_table":2,"minecraft:granite":8,"minecraft:short_grass":26,"minecraft:grass_block":9,"minecraft:tall_grass":5,"minecraft:cobblestone":7,"minecraft:lapis_ore":2,"minecraft:sugar_cane":11,"minecraft:diorite":17,"minecraft:wall_torch":1,"minecraft:hay_block":1,"minecraft:iron_ore":65,"minecraft:andesite":34,"minecraft:oak_log":37,"minecraft:coal_ore":52,"minecraft:deepslate_iron_ore":19,"minecraft:dirt_path":3,"minecraft:dirt":56,"minecraft:stone":266,"minecraft:oak_leaves":20,"minecraft:deepslate":112},"minecraft:picked_up":{"minecraft:crafting_table":2,"minecraft:magma_block":1,"minecraft:leather_chestplate":1,"minecraft:andesite":34,"minecraft:leather_leggings":1,"minecraft:oak_log":37,"minecraft:lapis_lazuli":16,"minecraft:dirt":65,"minecraft:string":45,"minecraft:bone":2,"minecraft:bow":1,"minecraft:wheat_seeds":3,"minecraft:cobbled_deepslate":110,"minecraft:iron_pickaxe":1,"minecraft:sugar_cane":30,"minecraft:iron_sword":2,"minecraft:phantom_membrane":2,"minecraft:stick":1,"minecraft:raw_iron":84,"minecraft:torch":1,"minecraft:porkchop":1,"minecraft:diorite":17,"minecraft:white_bed":3,"minecraft:spider_eye":16,"minecraft:leather_helmet":1,"minecraft:rotten_flesh":4,"minecraft:diamond":41,"minecraft:hay_block":1,"minecraft:granite":8,"minecraft:oak_sapling":2,"minecraft:coal":52,"minecraft:cobblestone":273},"minecraft:broken":{"minecraft:iron_pickaxe":1,"minecraft:wooden_pickaxe":1},"minecraft:killed_by":{"minecraft:player":1},"minecraft:dropped":{"minecraft:iron_ingot":3,"minecraft:iron_sword":2,"minecraft:sugar_cane":2,"minecraft:raw_iron":32,"minecraft:leather_helmet":1,"minecraft:leather_chestplate":1,"minecraft:dirt":5,"minecraft:leather_leggings":1,"minecraft:iron_pickaxe":1},"minecraft:killed":{"minecraft:pig":1,"minecraft:spider":41,"minecraft:phantom":2,"minecraft:skeleton":1},"minecraft:used":{"minecraft:leather_leggings":2,"minecraft:stone_pickaxe":126,"minecraft:wooden_pickaxe":59,"minecraft:leather_chestplate":1,"minecraft:iron_sword":100,"minecraft:torch":9,"minecraft:dirt":36,"minecraft:crafting_table":5,"minecraft:white_bed":3,"minecraft:bread":8,"minecraft:iron_pickaxe":454,"minecraft:leather_helmet":1,"minecraft:cobblestone":107,"minecraft:furnace":1,"minecraft:oak_sapling":2,"minecraft:porkchop":1,"minecraft:andesite":5,"minecraft:dandelion":1,"minecraft:diamond_leggings":1}},"DataVersion":3953}