{"stats":{"minecraft:dropped":{"minecraft:dirt":4},"minecraft:custom":{"minecraft:time_since_rest":29184,"minecraft:sprint_one_cm":152258,"minecraft:interact_with_furnace":8,"minecraft:damage_taken":535,"minecraft:walk_one_cm":124415,"minecraft:mob_kills":2,"minecraft:drop":3,"minecraft:damage_dealt":300,"minecraft:swim_one_cm":23052,"minecraft:interact_with_crafting_table":9,"minecraft:fly_one_cm":116865,"minecraft:open_chest":8,"minecraft:crouch_one_cm":4607,"minecraft:play_time":82569,"minecraft:deaths":1,"minecraft:sneak_time":1990,"minecraft:walk_under_water_one_cm":2056,"minecraft:jump":643,"minecraft:leave_game":1,"minecraft:time_since_death":7248,"minecraft:walk_on_water_one_cm":4280,"minecraft:sleep_in_bed":9,"minecraft:total_world_time":82569,"minecraft:fall_one_cm":17198},"minecraft:crafted":{"minecraft:oak_planks":20,"minecraft:charcoal":1,"minecraft:crafting_table":1,"minecraft:stick":20,"minecraft:wooden_pickaxe":1,"minecraft:iron_ingot":11,"minecraft:iron_pickaxe":1,"minecraft:stone_pickaxe":1,"minecraft:iron_sword":1,"minecraft:furnace":1,"minecraft:torch":4,"minecraft:bread":3,"minecraft:air":0,"minecraft:wheat":9},"minecraft:used":{"minecraft:leather_leggings":1,"minecraft:stone_pickaxe":126,"minecraft:bread":8,"minecraft:wooden_pickaxe":59,"minecraft:leather_helmet":1,"minecraft:leather_chestplate":1,"minecraft:torch":5,"minecraft:dirt":23,"minecraft:cobblestone":88,"minecraft:crafting_table":3,"minecraft:furnace":1,"minecraft:oak_sapling":2,"minecraft:porkchop":1,"minecraft:andesite":5,"minecraft:white_bed":2,"minecraft:dandelion":1},"minecraft:broken":{"minecraft:wooden_pickaxe":1},"minecraft:picked_up":{"minecraft:crafting_table":2,"minecraft:stick":1,"minecraft:raw_iron":11,"minecraft:andesite":5,"minecraft:torch":1,"minecraft:porkchop":1,"minecraft:oak_log":37,"minecraft:white_bed":2,"minecraft:dirt":43,"minecraft:bone":2,"minecraft:rotten_flesh":4,"minecraft:bow":1,"minecraft:wheat_seeds":1,"minecraft:hay_block":1,"minecraft:oak_sapling":2,"minecraft:sugar_cane":28,"minecraft:cobblestone":155},"minecraft:killed":{"minecraft:skeleton":1,"minecraft:pig":1},"minecraft:mined":{"minecraft:hay_block":1,"minecraft:white_bed":2,"minecraft:iron_ore":11,"minecraft:andesite":5,"minecraft:crafting_table":2,"minecraft:short_grass":21,"minecraft:grass_block":7,"minecraft:oak_log":37,"minecraft:dirt_path":2,"minecraft:dirt":33,"minecraft:tall_grass":5,"minecraft:cobblestone":4,"minecraft:stone":151,"minecraft:sugar_cane":11,"minecraft:oak_leaves":20,"minecraft:wall_torch":1},"minecraft:killed_by":{"minecraft:player":1}},"DataVersion":3953}