{"stats":{"minecraft:dropped":{"minecraft:dirt":4,"minecraft:iron_pickaxe":1},"minecraft:custom":{"minecraft:interact_with_furnace":8,"minecraft:mob_kills":2,"minecraft:interact_with_crafting_table":10,"minecraft:leave_game":1,"minecraft:time_since_death":19248,"minecraft:sleep_in_bed":9,"minecraft:time_since_rest":41184,"minecraft:sprint_one_cm":162037,"minecraft:damage_taken":535,"minecraft:walk_one_cm":137170,"minecraft:drop":4,"minecraft:damage_dealt":300,"minecraft:swim_one_cm":23052,"minecraft:fly_one_cm":127822,"minecraft:open_chest":8,"minecraft:crouch_one_cm":7196,"minecraft:play_time":94569,"minecraft:deaths":1,"minecraft:sneak_time":3040,"minecraft:walk_under_water_one_cm":2056,"minecraft:jump":682,"minecraft:walk_on_water_one_cm":4280,"minecraft:total_world_time":94569,"minecraft:fall_one_cm":17407},"minecraft:crafted":{"minecraft:oak_planks":24,"minecraft:crafting_table":2,"minecraft:wooden_pickaxe":1,"minecraft:iron_sword":1,"minecraft:furnace":1,"minecraft:bread":3,"minecraft:air":0,"minecraft:charcoal":1,"minecraft:stick":20,"minecraft:iron_ingot":11,"minecraft:iron_pickaxe":2,"minecraft:stone_pickaxe":1,"minecraft:torch":4,"minecraft:wheat":9},"minecraft:used":{"minecraft:leather_leggings":1,"minecraft:stone_pickaxe":126,"minecraft:leather_chestplate":1,"minecraft:wooden_pickaxe":59,"minecraft:torch":5,"minecraft:dirt":23,"minecraft:crafting_table":4,"minecraft:white_bed":2,"minecraft:bread":8,"minecraft:iron_pickaxe":206,"minecraft:leather_helmet":1,"minecraft:cobblestone":88,"minecraft:oak_sapling":2,"minecraft:furnace":1,"minecraft:porkchop":1,"minecraft:andesite":5,"minecraft:dandelion":1},"minecraft:broken":{"minecraft:wooden_pickaxe":1},"minecraft:killed":{"minecraft:pig":1,"minecraft:skeleton":1},"minecraft:picked_up":{"minecraft:crafting_table":2,"minecraft:andesite":34,"minecraft:oak_log":37,"minecraft:lapis_lazuli":16,"minecraft:dirt":51,"minecraft:bone":2,"minecraft:bow":1,"minecraft:wheat_seeds":1,"minecraft:iron_pickaxe":1,"minecraft:sugar_cane":28,"minecraft:raw_iron":42,"minecraft:stick":1,"minecraft:torch":1,"minecraft:porkchop":1,"minecraft:diorite":6,"minecraft:white_bed":2,"minecraft:rotten_flesh":4,"minecraft:hay_block":1,"minecraft:granite":3,"minecraft:oak_sapling":2,"minecraft:coal":52,"minecraft:cobblestone":236},"minecraft:mined":{"minecraft:white_bed":2,"minecraft:crafting_table":2,"minecraft:granite":3,"minecraft:short_grass":21,"minecraft:grass_block":8,"minecraft:tall_grass":5,"minecraft:cobblestone":4,"minecraft:lapis_ore":2,"minecraft:sugar_cane":11,"minecraft:diorite":6,"minecraft:wall_torch":1,"minecraft:hay_block":1,"minecraft:iron_ore":42,"minecraft:andesite":34,"minecraft:oak_log":37,"minecraft:coal_ore":52,"minecraft:dirt_path":2,"minecraft:dirt":40,"minecraft:stone":232,"minecraft:oak_leaves":20},"minecraft:killed_by":{"minecraft:player":1}},"DataVersion":3953}