{"stats":{"minecraft:crafted":{"minecraft:oak_planks":28,"minecraft:crafting_table":3,"minecraft:wooden_pickaxe":1,"minecraft:iron_sword":1,"minecraft:furnace":1,"minecraft:bread":3,"minecraft:air":0,"minecraft:diamond_helmet":1,"minecraft:diamond_leggings":1,"minecraft:charcoal":1,"minecraft:stick":20,"minecraft:iron_ingot":11,"minecraft:iron_pickaxe":2,"minecraft:stone_pickaxe":1,"minecraft:diamond_boots":1,"minecraft:torch":8,"minecraft:diamond_chestplate":1,"minecraft:wheat":9},"minecraft:custom":{"minecraft:interact_with_furnace":8,"minecraft:mob_kills":43,"minecraft:interact_with_crafting_table":11,"minecraft:leave_game":3,"minecraft:time_since_death":54468,"minecraft:sleep_in_bed":9,"minecraft:time_since_rest":76404,"minecraft:sprint_one_cm":256052,"minecraft:damage_taken":1253,"minecraft:walk_one_cm":173811,"minecraft:drop":28,"minecraft:damage_dealt":4015,"minecraft:talked_to_villager":1,"minecraft:player_kills":3,"minecraft:swim_one_cm":24796,"minecraft:fly_one_cm":464831,"minecraft:open_chest":12,"minecraft:crouch_one_cm":9649,"minecraft:play_time":129789,"minecraft:deaths":1,"minecraft:sneak_time":5152,"minecraft:walk_under_water_one_cm":4215,"minecraft:jump":1236,"minecraft:walk_on_water_one_cm":6217,"minecraft:total_world_time":129789,"minecraft:fall_one_cm":34866},"minecraft:mined":{"minecraft:diamond_ore":6,"minecraft:white_bed":2,"minecraft:deepslate_diamond_ore":35,"minecraft:crafting_table":2,"minecraft:granite":8,"minecraft:short_grass":24,"minecraft:grass_block":8,"minecraft:tall_grass":5,"minecraft:cobblestone":6,"minecraft:lapis_ore":2,"minecraft:sugar_cane":11,"minecraft:diorite":17,"minecraft:wall_torch":1,"minecraft:hay_block":1,"minecraft:iron_ore":65,"minecraft:andesite":34,"minecraft:oak_log":37,"minecraft:coal_ore":52,"minecraft:deepslate_iron_ore":19,"minecraft:dirt_path":3,"minecraft:dirt":47,"minecraft:stone":266,"minecraft:oak_leaves":20,"minecraft:deepslate":112},"minecraft:picked_up":{"minecraft:leather_chestplate":1,"minecraft:magma_block":1,"minecraft:crafting_table":2,"minecraft:andesite":34,"minecraft:leather_leggings":1,"minecraft:oak_log":37,"minecraft:lapis_lazuli":16,"minecraft:string":45,"minecraft:dirt":59,"minecraft:bone":2,"minecraft:bow":1,"minecraft:wheat_seeds":1,"minecraft:cobbled_deepslate":110,"minecraft:iron_pickaxe":1,"minecraft:sugar_cane":28,"minecraft:iron_sword":1,"minecraft:raw_iron":84,"minecraft:stick":1,"minecraft:torch":1,"minecraft:porkchop":1,"minecraft:diorite":17,"minecraft:white_bed":2,"minecraft:leather_helmet":1,"minecraft:spider_eye":16,"minecraft:rotten_flesh":4,"minecraft:diamond":41,"minecraft:hay_block":1,"minecraft:granite":8,"minecraft:oak_sapling":2,"minecraft:coal":52,"minecraft:cobblestone":272},"minecraft:broken":{"minecraft:iron_pickaxe":1,"minecraft:wooden_pickaxe":1},"minecraft:killed_by":{"minecraft:player":1},"minecraft:dropped":{"minecraft:iron_ingot":3,"minecraft:iron_sword":1,"minecraft:raw_iron":32,"minecraft:leather_helmet":1,"minecraft:leather_chestplate":1,"minecraft:dirt":4,"minecraft:leather_leggings":1,"minecraft:iron_pickaxe":1},"minecraft:killed":{"minecraft:pig":1,"minecraft:spider":41,"minecraft:skeleton":1},"minecraft:used":{"minecraft:leather_leggings":1,"minecraft:stone_pickaxe":126,"minecraft:wooden_pickaxe":59,"minecraft:leather_chestplate":1,"minecraft:iron_sword":79,"minecraft:torch":9,"minecraft:dirt":23,"minecraft:crafting_table":5,"minecraft:white_bed":2,"minecraft:bread":8,"minecraft:iron_pickaxe":453,"minecraft:leather_helmet":1,"minecraft:cobblestone":98,"minecraft:furnace":1,"minecraft:oak_sapling":2,"minecraft:porkchop":1,"minecraft:andesite":5,"minecraft:dandelion":1}},"DataVersion":3953}