{"stats":{"minecraft:crafted":{"minecraft:red_dye":3,"minecraft:oak_planks":128,"minecraft:cooked_porkchop":21,"minecraft:crafting_table":2,"minecraft:cooked_chicken":2,"minecraft:wooden_pickaxe":1,"minecraft:red_bed":1,"minecraft:furnace":1,"minecraft:stone_axe":1,"minecraft:air":0,"minecraft:blue_dye":19,"minecraft:yellow_dye":15,"minecraft:stick":12,"minecraft:stone_pickaxe":1,"minecraft:stone_sword":1},"minecraft:custom":{"minecraft:interact_with_furnace":10,"minecraft:mob_kills":35,"minecraft:interact_with_crafting_table":7,"minecraft:leave_game":4,"minecraft:time_since_death":0,"minecraft:sleep_in_bed":5,"minecraft:climb_one_cm":2177,"minecraft:time_since_rest":1552,"minecraft:sprint_one_cm":207863,"minecraft:damage_taken":2561,"minecraft:walk_one_cm":251240,"minecraft:drop":5,"minecraft:damage_dealt":4439,"minecraft:swim_one_cm":31763,"minecraft:player_kills":5,"minecraft:fly_one_cm":316729,"minecraft:open_chest":15,"minecraft:crouch_one_cm":1528,"minecraft:play_time":116124,"minecraft:deaths":7,"minecraft:sneak_time":494,"minecraft:walk_under_water_one_cm":12620,"minecraft:jump":1935,"minecraft:walk_on_water_one_cm":21724,"minecraft:total_world_time":116124,"minecraft:fall_one_cm":61020},"minecraft:mined":{"minecraft:dandelion":19,"minecraft:crafting_table":4,"minecraft:cornflower":20,"minecraft:short_grass":83,"minecraft:grass_block":13,"minecraft:poppy":3,"minecraft:tall_grass":13,"minecraft:cobblestone":4,"minecraft:oak_planks":8,"minecraft:wall_torch":1,"minecraft:furnace":1,"minecraft:iron_ore":2,"minecraft:wheat":2,"minecraft:pumpkin":7,"minecraft:dirt_path":2,"minecraft:oak_log":32,"minecraft:coal_ore":20,"minecraft:water_cauldron":1,"minecraft:dirt":19,"minecraft:stone":51,"minecraft:oak_leaves":44},"minecraft:picked_up":{"minecraft:crafting_table":5,"minecraft:leather_chestplate":1,"minecraft:wheat":1,"minecraft:feather":8,"minecraft:chicken":10,"minecraft:leather_leggings":1,"minecraft:leather":10,"minecraft:potato":9,"minecraft:filled_map":2,"minecraft:oak_log":57,"minecraft:cornflower":21,"minecraft:dirt":67,"minecraft:bone":1,"minecraft:apple":2,"minecraft:wheat_seeds":15,"minecraft:cooked_chicken":1,"minecraft:red_dye":2,"minecraft:beef":21,"minecraft:iron_ingot":8,"minecraft:stone_pickaxe":2,"minecraft:poppy":3,"minecraft:iron_pickaxe":1,"minecraft:sugar_cane":28,"minecraft:oak_planks":38,"minecraft:furnace":2,"minecraft:egg":3,"minecraft:blue_wool":1,"minecraft:raw_iron":18,"minecraft:stick":11,"minecraft:cooked_porkchop":19,"minecraft:pumpkin":7,"minecraft:torch":1,"minecraft:red_wool":4,"minecraft:dandelion":17,"minecraft:porkchop":21,"minecraft:leather_helmet":1,"minecraft:cauldron":1,"minecraft:stone_sword":3,"minecraft:arrow":4,"minecraft:rotten_flesh":12,"minecraft:stone_axe":2,"minecraft:hay_block":1,"minecraft:bread":18,"minecraft:oak_sapling":28,"minecraft:black_wool":1,"minecraft:mutton":18,"minecraft:coal":37,"minecraft:white_wool":6,"minecraft:cobblestone":146},"minecraft:broken":{"minecraft:wooden_pickaxe":1},"minecraft:killed_by":{"minecraft:player":4,"minecraft:zombie":2},"minecraft:dropped":{"minecraft:stone_axe":1,"minecraft:stone_sword":2,"minecraft:filled_map":2},"minecraft:killed":{"minecraft:pig":10,"minecraft:sheep":11,"minecraft:skeleton":1,"minecraft:zombie":2,"minecraft:chicken":6,"minecraft:cow":5},"minecraft:used":{"minecraft:stone_sword":60,"minecraft:stone_pickaxe":20,"minecraft:oak_planks":9,"minecraft:wooden_pickaxe":59,"minecraft:cooked_chicken":2,"minecraft:dirt":13,"minecraft:crafting_table":5,"minecraft:map":2,"minecraft:stone_axe":72,"minecraft:cobblestone":19,"minecraft:furnace":2,"minecraft:cooked_porkchop":8}},"DataVersion":3953}