{"stats":{"minecraft:crafted":{"minecraft:red_dye":3,"minecraft:oak_planks":128,"minecraft:cooked_porkchop":21,"minecraft:crafting_table":2,"minecraft:wooden_pickaxe":1,"minecraft:cooked_chicken":2,"minecraft:red_bed":1,"minecraft:furnace":1,"minecraft:stone_axe":1,"minecraft:air":0,"minecraft:blue_dye":19,"minecraft:yellow_dye":15,"minecraft:stick":12,"minecraft:stone_pickaxe":1,"minecraft:stone_sword":1},"minecraft:custom":{"minecraft:interact_with_furnace":9,"minecraft:mob_kills":27,"minecraft:interact_with_crafting_table":7,"minecraft:leave_game":3,"minecraft:time_since_death":32172,"minecraft:sleep_in_bed":4,"minecraft:climb_one_cm":2177,"minecraft:time_since_rest":5351,"minecraft:sprint_one_cm":150682,"minecraft:damage_taken":1010,"minecraft:walk_one_cm":215184,"minecraft:drop":3,"minecraft:damage_dealt":2736,"minecraft:swim_one_cm":31763,"minecraft:player_kills":1,"minecraft:fly_one_cm":206610,"minecraft:open_chest":11,"minecraft:crouch_one_cm":1305,"minecraft:play_time":67859,"minecraft:deaths":2,"minecraft:sneak_time":447,"minecraft:walk_under_water_one_cm":12620,"minecraft:jump":1371,"minecraft:walk_on_water_one_cm":21724,"minecraft:total_world_time":67859,"minecraft:fall_one_cm":41187},"minecraft:mined":{"minecraft:dandelion":19,"minecraft:crafting_table":4,"minecraft:cornflower":20,"minecraft:short_grass":69,"minecraft:grass_block":12,"minecraft:poppy":3,"minecraft:tall_grass":11,"minecraft:cobblestone":3,"minecraft:oak_planks":8,"minecraft:wall_torch":1,"minecraft:furnace":1,"minecraft:iron_ore":2,"minecraft:wheat":2,"minecraft:pumpkin":7,"minecraft:oak_log":32,"minecraft:coal_ore":20,"minecraft:water_cauldron":1,"minecraft:dirt":18,"minecraft:stone":51,"minecraft:oak_leaves":44},"minecraft:picked_up":{"minecraft:crafting_table":5,"minecraft:wheat":1,"minecraft:leather_chestplate":1,"minecraft:feather":8,"minecraft:chicken":10,"minecraft:leather_leggings":1,"minecraft:leather":10,"minecraft:potato":9,"minecraft:filled_map":2,"minecraft:oak_log":57,"minecraft:dirt":47,"minecraft:cornflower":21,"minecraft:bone":1,"minecraft:apple":2,"minecraft:wheat_seeds":14,"minecraft:stone_pickaxe":2,"minecraft:red_dye":2,"minecraft:iron_ingot":8,"minecraft:beef":18,"minecraft:cooked_chicken":1,"minecraft:poppy":3,"minecraft:iron_pickaxe":1,"minecraft:sugar_cane":28,"minecraft:oak_planks":38,"minecraft:egg":3,"minecraft:furnace":2,"minecraft:blue_wool":1,"minecraft:raw_iron":2,"minecraft:stick":11,"minecraft:cooked_porkchop":19,"minecraft:pumpkin":7,"minecraft:torch":1,"minecraft:red_wool":4,"minecraft:dandelion":17,"minecraft:porkchop":21,"minecraft:cauldron":1,"minecraft:leather_helmet":1,"minecraft:stone_sword":1,"minecraft:arrow":2,"minecraft:rotten_flesh":9,"minecraft:stone_axe":2,"minecraft:hay_block":1,"minecraft:bread":18,"minecraft:oak_sapling":28,"minecraft:mutton":9,"minecraft:coal":37,"minecraft:cobblestone":145},"minecraft:broken":{"minecraft:wooden_pickaxe":1},"minecraft:killed_by":{"minecraft:zombie":1},"minecraft:dropped":{"minecraft:stone_axe":1,"minecraft:filled_map":2},"minecraft:killed":{"minecraft:pig":10,"minecraft:sheep":4,"minecraft:skeleton":1,"minecraft:zombie":2,"minecraft:chicken":6,"minecraft:cow":4},"minecraft:used":{"minecraft:stone_sword":4,"minecraft:stone_pickaxe":19,"minecraft:oak_planks":8,"minecraft:wooden_pickaxe":59,"minecraft:cooked_chicken":2,"minecraft:dirt":13,"minecraft:crafting_table":5,"minecraft:map":2,"minecraft:stone_axe":72,"minecraft:cobblestone":3,"minecraft:furnace":1,"minecraft:cooked_porkchop":5}},"DataVersion":3953}