{"stats":{"minecraft:dropped":{"minecraft:stone_axe":1,"minecraft:feather":2,"minecraft:arrow":1},"minecraft:custom":{"minecraft:interact_with_furnace":11,"minecraft:mob_kills":16,"minecraft:interact_with_crafting_table":7,"minecraft:time_since_death":29819,"minecraft:time_since_rest":29819,"minecraft:sprint_one_cm":60633,"minecraft:damage_taken":337,"minecraft:walk_one_cm":67581,"minecraft:drop":4,"minecraft:damage_dealt":2826,"minecraft:swim_one_cm":9686,"minecraft:fly_one_cm":80910,"minecraft:open_chest":5,"minecraft:crouch_one_cm":280,"minecraft:play_time":29819,"minecraft:sneak_time":46,"minecraft:walk_under_water_one_cm":6230,"minecraft:boat_one_cm":13081,"minecraft:jump":586,"minecraft:walk_on_water_one_cm":8250,"minecraft:total_world_time":29819,"minecraft:fall_one_cm":16390},"minecraft:crafted":{"minecraft:oak_planks":44,"minecraft:crafting_table":2,"minecraft:wooden_pickaxe":1,"minecraft:furnace":1,"minecraft:stone_axe":1,"minecraft:air":0,"minecraft:oak_boat":1,"minecraft:iron_boots":1,"minecraft:iron_chestplate":1,"minecraft:shield":1,"minecraft:iron_axe":1,"minecraft:stick":16,"minecraft:iron_ingot":21,"minecraft:iron_pickaxe":1,"minecraft:stone_pickaxe":1,"minecraft:wooden_axe":1,"minecraft:iron_leggings":1,"minecraft:torch":16},"minecraft:used":{"minecraft:stone_pickaxe":119,"minecraft:wooden_pickaxe":19,"minecraft:torch":34,"minecraft:dirt":3,"minecraft:mutton":4,"minecraft:crafting_table":6,"minecraft:granite":6,"minecraft:wooden_axe":4,"minecraft:iron_axe":22,"minecraft:chicken":3,"minecraft:bread":2,"minecraft:iron_boots":1,"minecraft:stone_axe":37,"minecraft:cobblestone":44,"minecraft:beef":7,"minecraft:oak_sapling":2,"minecraft:furnace":2,"minecraft:porkchop":1,"minecraft:andesite":3,"minecraft:oak_boat":2,"minecraft:iron_leggings":1},"minecraft:killed":{"minecraft:pig":1,"minecraft:spider":1,"minecraft:iron_golem":2,"minecraft:sheep":4,"minecraft:skeleton":1,"minecraft:chicken":3,"minecraft:cow":3},"minecraft:picked_up":{"minecraft:crafting_table":5,"minecraft:music_disc_strad":1,"minecraft:feather":3,"minecraft:chicken":3,"minecraft:andesite":3,"minecraft:leather":4,"minecraft:brown_wool":1,"minecraft:oak_log":11,"minecraft:dirt":3,"minecraft:string":1,"minecraft:raw_copper":10,"minecraft:iron_ingot":8,"minecraft:beef":7,"minecraft:oak_boat":2,"minecraft:poppy":4,"minecraft:furnace":2,"minecraft:raw_iron":21,"minecraft:torch":25,"minecraft:porkchop":1,"minecraft:arrow":1,"minecraft:stone_axe":1,"minecraft:granite":6,"minecraft:oak_sapling":2,"minecraft:mutton":6,"minecraft:coal":21,"minecraft:white_wool":3,"minecraft:cobblestone":80},"minecraft:mined":{"minecraft:crafting_table":5,"minecraft:torch":17,"minecraft:granite":2,"minecraft:short_grass":2,"minecraft:grass_block":4,"minecraft:copper_ore":3,"minecraft:cobblestone":1,"minecraft:wall_torch":7,"minecraft:furnace":2,"minecraft:iron_ore":21,"minecraft:andesite":3,"minecraft:coal_ore":21,"minecraft:oak_log":11,"minecraft:stone":78,"minecraft:oak_leaves":2}},"DataVersion":3953}