{"stats":{"minecraft:dropped":{"minecraft:stone_axe":1},"minecraft:custom":{"minecraft:time_since_rest":17819,"minecraft:interact_with_furnace":11,"minecraft:sprint_one_cm":25490,"minecraft:damage_taken":217,"minecraft:walk_one_cm":45237,"minecraft:mob_kills":5,"minecraft:drop":1,"minecraft:damage_dealt":667,"minecraft:interact_with_crafting_table":3,"minecraft:swim_one_cm":6560,"minecraft:fly_one_cm":14613,"minecraft:crouch_one_cm":216,"minecraft:play_time":17819,"minecraft:sneak_time":33,"minecraft:walk_under_water_one_cm":6175,"minecraft:jump":266,"minecraft:walk_on_water_one_cm":6796,"minecraft:time_since_death":17819,"minecraft:total_world_time":17819,"minecraft:fall_one_cm":7613},"minecraft:crafted":{"minecraft:oak_planks":20,"minecraft:crafting_table":2,"minecraft:stick":12,"minecraft:iron_ingot":21,"minecraft:wooden_pickaxe":1,"minecraft:stone_pickaxe":1,"minecraft:wooden_axe":1,"minecraft:furnace":1,"minecraft:torch":16,"minecraft:stone_axe":1,"minecraft:air":0},"minecraft:used":{"minecraft:wooden_axe":4,"minecraft:chicken":1,"minecraft:stone_pickaxe":118,"minecraft:wooden_pickaxe":19,"minecraft:torch":32,"minecraft:stone_axe":19,"minecraft:dirt":1,"minecraft:cobblestone":13,"minecraft:beef":3,"minecraft:crafting_table":3,"minecraft:furnace":2,"minecraft:andesite":3,"minecraft:granite":6},"minecraft:killed":{"minecraft:skeleton":1,"minecraft:chicken":1,"minecraft:spider":1,"minecraft:cow":1},"minecraft:picked_up":{"minecraft:music_disc_strad":1,"minecraft:raw_iron":21,"minecraft:crafting_table":2,"minecraft:feather":2,"minecraft:chicken":1,"minecraft:andesite":3,"minecraft:torch":23,"minecraft:oak_log":5,"minecraft:string":1,"minecraft:dirt":1,"minecraft:raw_copper":10,"minecraft:arrow":1,"minecraft:stone_axe":1,"minecraft:granite":6,"minecraft:beef":3,"minecraft:coal":21,"minecraft:cobblestone":77,"minecraft:furnace":1},"minecraft:mined":{"minecraft:furnace":1,"minecraft:iron_ore":21,"minecraft:andesite":3,"minecraft:torch":16,"minecraft:crafting_table":2,"minecraft:granite":2,"minecraft:short_grass":1,"minecraft:oak_log":5,"minecraft:grass_block":1,"minecraft:coal_ore":21,"minecraft:copper_ore":3,"minecraft:cobblestone":1,"minecraft:stone":78,"minecraft:oak_leaves":2,"minecraft:wall_torch":6}},"DataVersion":3953}