{"stats":{"minecraft:custom":{"minecraft:time_since_rest":5819,"minecraft:sprint_one_cm":6375,"minecraft:damage_taken":30,"minecraft:walk_one_cm":9961,"minecraft:mob_kills":2,"minecraft:damage_dealt":140,"minecraft:interact_with_crafting_table":2,"minecraft:swim_one_cm":4046,"minecraft:fly_one_cm":9683,"minecraft:crouch_one_cm":85,"minecraft:play_time":5819,"minecraft:sneak_time":14,"minecraft:walk_under_water_one_cm":1135,"minecraft:jump":104,"minecraft:walk_on_water_one_cm":2426,"minecraft:time_since_death":5819,"minecraft:total_world_time":5819,"minecraft:fall_one_cm":4014},"minecraft:crafted":{"minecraft:oak_planks":20,"minecraft:crafting_table":1,"minecraft:stick":12,"minecraft:wooden_pickaxe":1,"minecraft:stone_pickaxe":1,"minecraft:wooden_axe":1,"minecraft:torch":8,"minecraft:stone_axe":1},"minecraft:used":{"minecraft:wooden_axe":4,"minecraft:stone_pickaxe":17,"minecraft:wooden_pickaxe":19,"minecraft:torch":4,"minecraft:stone_axe":1,"minecraft:dirt":1,"minecraft:crafting_table":2},"minecraft:killed":{"minecraft:chicken":1,"minecraft:cow":1},"minecraft:picked_up":{"minecraft:raw_iron":5,"minecraft:crafting_table":2,"minecraft:feather":2,"minecraft:chicken":1,"minecraft:oak_log":5,"minecraft:dirt":1,"minecraft:granite":4,"minecraft:beef":3,"minecraft:coal":12,"minecraft:cobblestone":19},"minecraft:mined":{"minecraft:iron_ore":5,"minecraft:crafting_table":2,"minecraft:short_grass":1,"minecraft:oak_log":5,"minecraft:grass_block":1,"minecraft:coal_ore":12,"minecraft:stone":19,"minecraft:oak_leaves":2}},"DataVersion":3953}