{"stats":{"minecraft:dropped":{"minecraft:stone_axe":1,"minecraft:feather":4,"minecraft:poppy":5,"minecraft:arrow":1},"minecraft:custom":{"minecraft:interact_with_furnace":11,"minecraft:mob_kills":25,"minecraft:interact_with_crafting_table":9,"minecraft:leave_game":1,"minecraft:time_since_death":46928,"minecraft:sleep_in_bed":1,"minecraft:time_since_rest":9345,"minecraft:sprint_one_cm":119465,"minecraft:damage_taken":525,"minecraft:walk_one_cm":82386,"minecraft:drop":11,"minecraft:damage_dealt":4379,"minecraft:swim_one_cm":12372,"minecraft:fly_one_cm":182081,"minecraft:open_chest":5,"minecraft:crouch_one_cm":335,"minecraft:play_time":46928,"minecraft:sneak_time":85,"minecraft:walk_under_water_one_cm":6847,"minecraft:boat_one_cm":13081,"minecraft:jump":1015,"minecraft:walk_on_water_one_cm":9447,"minecraft:total_world_time":46928,"minecraft:fall_one_cm":29544},"minecraft:crafted":{"minecraft:oak_planks":44,"minecraft:crafting_table":2,"minecraft:wooden_pickaxe":1,"minecraft:furnace":1,"minecraft:bucket":2,"minecraft:stone_axe":1,"minecraft:air":0,"minecraft:oak_boat":1,"minecraft:iron_boots":1,"minecraft:iron_chestplate":1,"minecraft:shield":1,"minecraft:iron_axe":1,"minecraft:stick":16,"minecraft:iron_ingot":21,"minecraft:iron_pickaxe":1,"minecraft:stone_pickaxe":1,"minecraft:wooden_axe":1,"minecraft:iron_leggings":1,"minecraft:torch":16},"minecraft:used":{"minecraft:water_bucket":1,"minecraft:stone_pickaxe":119,"minecraft:wooden_pickaxe":19,"minecraft:torch":34,"minecraft:dirt":3,"minecraft:mutton":6,"minecraft:crafting_table":8,"minecraft:granite":6,"minecraft:wooden_axe":4,"minecraft:iron_axe":53,"minecraft:chicken":10,"minecraft:bread":2,"minecraft:iron_pickaxe":1,"minecraft:iron_boots":1,"minecraft:stone_axe":37,"minecraft:cobblestone":49,"minecraft:beef":10,"minecraft:oak_sapling":2,"minecraft:furnace":2,"minecraft:porkchop":1,"minecraft:bucket":2,"minecraft:andesite":3,"minecraft:oak_boat":2,"minecraft:egg":3,"minecraft:iron_leggings":1},"minecraft:killed":{"minecraft:pig":1,"minecraft:spider":1,"minecraft:iron_golem":3,"minecraft:sheep":4,"minecraft:skeleton":1,"minecraft:chicken":10,"minecraft:cow":4},"minecraft:picked_up":{"minecraft:crafting_table":7,"minecraft:music_disc_strad":1,"minecraft:feather":4,"minecraft:chicken":10,"minecraft:andesite":3,"minecraft:leather":5,"minecraft:brown_wool":1,"minecraft:oak_log":11,"minecraft:dirt":3,"minecraft:string":1,"minecraft:raw_copper":10,"minecraft:iron_ingot":11,"minecraft:beef":10,"minecraft:oak_boat":2,"minecraft:poppy":5,"minecraft:egg":3,"minecraft:furnace":2,"minecraft:raw_iron":21,"minecraft:torch":25,"minecraft:porkchop":1,"minecraft:arrow":1,"minecraft:stone_axe":1,"minecraft:granite":6,"minecraft:oak_sapling":2,"minecraft:mutton":6,"minecraft:coal":21,"minecraft:white_wool":3,"minecraft:cobblestone":81},"minecraft:mined":{"minecraft:crafting_table":7,"minecraft:torch":17,"minecraft:granite":2,"minecraft:short_grass":6,"minecraft:grass_block":4,"minecraft:tall_grass":1,"minecraft:copper_ore":3,"minecraft:cobblestone":2,"minecraft:wall_torch":7,"minecraft:furnace":2,"minecraft:iron_ore":21,"minecraft:andesite":3,"minecraft:coal_ore":21,"minecraft:oak_log":11,"minecraft:stone":78,"minecraft:oak_leaves":2}},"DataVersion":3953}