{"stats":{"minecraft:used":{"minecraft:dirt":9},"minecraft:mined":{"minecraft:grass_block":4,"minecraft:dirt":6},"minecraft:custom":{"minecraft:jump":116,"minecraft:time_since_rest":2392,"minecraft:damage_dealt":10,"minecraft:crouch_one_cm":61,"minecraft:walk_on_water_one_cm":1056,"minecraft:sprint_one_cm":6070,"minecraft:play_time":2392,"minecraft:damage_taken":170,"minecraft:time_since_death":2392,"minecraft:walk_one_cm":3838,"minecraft:sneak_time":24,"minecraft:total_world_time":2392,"minecraft:walk_under_water_one_cm":307,"minecraft:swim_one_cm":3551,"minecraft:fall_one_cm":3973,"minecraft:fly_one_cm":7572},"minecraft:picked_up":{"minecraft:dirt":10}},"DataVersion":3953}