{"stats":{"minecraft:crafted":{"minecraft:oak_planks":88,"minecraft:crafting_table":4,"minecraft:wooden_pickaxe":2,"minecraft:iron_helmet":1,"minecraft:furnace":2,"minecraft:bucket":1,"minecraft:stone_axe":1,"minecraft:air":0,"minecraft:flint_and_steel":1,"minecraft:iron_boots":1,"minecraft:iron_chestplate":1,"minecraft:shield":1,"minecraft:iron_axe":1,"minecraft:stick":40,"minecraft:iron_ingot":48,"minecraft:iron_pickaxe":1,"minecraft:stone_pickaxe":1,"minecraft:wooden_axe":3,"minecraft:iron_leggings":1,"minecraft:white_bed":1,"minecraft:torch":32},"minecraft:custom":{"minecraft:interact_with_furnace":23,"minecraft:mob_kills":17,"minecraft:interact_with_crafting_table":15,"minecraft:time_since_death":32273,"minecraft:sleep_in_bed":2,"minecraft:time_since_rest":7433,"minecraft:sprint_one_cm":168320,"minecraft:damage_taken":1666,"minecraft:walk_one_cm":83508,"minecraft:damage_blocked_by_shield":30,"minecraft:drop":11,"minecraft:damage_dealt":2451,"minecraft:swim_one_cm":89807,"minecraft:fly_one_cm":217355,"minecraft:open_chest":2,"minecraft:crouch_one_cm":430,"minecraft:play_time":71866,"minecraft:deaths":4,"minecraft:sneak_time":1526,"minecraft:walk_under_water_one_cm":24914,"minecraft:jump":1304,"minecraft:walk_on_water_one_cm":16747,"minecraft:total_world_time":71866,"minecraft:fall_one_cm":47657},"minecraft:mined":{"minecraft:nether_gold_ore":4,"minecraft:tuff":4,"minecraft:white_bed":4,"minecraft:crafting_table":9,"minecraft:torch":29,"minecraft:granite":1,"minecraft:short_grass":7,"minecraft:grass_block":8,"minecraft:cobblestone":1,"minecraft:tall_grass":2,"minecraft:oak_planks":1,"minecraft:sugar_cane":5,"minecraft:diorite":3,"minecraft:wall_torch":22,"minecraft:magma_block":1,"minecraft:furnace":1,"minecraft:carrots":38,"minecraft:iron_ore":53,"minecraft:fire":3,"minecraft:wheat":4,"minecraft:andesite":1,"minecraft:potatoes":4,"minecraft:oak_log":26,"minecraft:coal_ore":27,"minecraft:deepslate_iron_ore":19,"minecraft:gravel":9,"minecraft:dirt":6,"minecraft:stone":73,"minecraft:netherrack":1,"minecraft:oak_leaves":14,"minecraft:deepslate":4},"minecraft:picked_up":{"minecraft:wooden_axe":1,"minecraft:magma_block":1,"minecraft:iron_chestplate":1,"minecraft:crafting_table":9,"minecraft:wheat":2,"minecraft:andesite":1,"minecraft:leather":2,"minecraft:wooden_pickaxe":1,"minecraft:potato":9,"minecraft:filled_map":1,"minecraft:flint":1,"minecraft:tuff":4,"minecraft:oak_log":25,"minecraft:shield":1,"minecraft:dirt":14,"minecraft:iron_axe":1,"minecraft:iron_leggings":1,"minecraft:bone":1,"minecraft:apple":1,"minecraft:wheat_seeds":8,"minecraft:gold_nugget":14,"minecraft:cobbled_deepslate":8,"minecraft:iron_ingot":17,"minecraft:beef":4,"minecraft:stone_pickaxe":1,"minecraft:iron_pickaxe":1,"minecraft:sugar_cane":9,"minecraft:oak_planks":6,"minecraft:egg":1,"minecraft:iron_boots":1,"minecraft:furnace":2,"minecraft:stick":4,"minecraft:raw_iron":90,"minecraft:cooked_porkchop":3,"minecraft:torch":75,"minecraft:gravel":7,"minecraft:diorite":3,"minecraft:white_bed":4,"minecraft:carrot":40,"minecraft:arrow":4,"minecraft:rotten_flesh":12,"minecraft:stone_axe":1,"minecraft:iron_helmet":1,"minecraft:granite":1,"minecraft:oak_sapling":3,"minecraft:netherrack":3,"minecraft:mutton":5,"minecraft:coal":32,"minecraft:white_wool":3,"minecraft:cobblestone":73},"minecraft:killed_by":{"minecraft:skeleton":1,"minecraft:zombie":2},"minecraft:dropped":{"minecraft:gravel":7,"minecraft:sugar_cane":9,"minecraft:wheat_seeds":1,"minecraft:cobbled_deepslate":8,"minecraft:cobblestone":2,"minecraft:leather":2,"minecraft:filled_map":2,"minecraft:dirt":1,"minecraft:oak_sapling":1},"minecraft:broken":{"minecraft:stone_pickaxe":1},"minecraft:killed":{"minecraft:pig":1,"minecraft:creeper":1,"minecraft:sheep":3,"minecraft:skeleton":2,"minecraft:zombie":8,"minecraft:cow":2},"minecraft:used":{"minecraft:wheat_seeds":7,"minecraft:water_bucket":5,"minecraft:diorite":1,"minecraft:flint_and_steel":2,"minecraft:stone_pickaxe":146,"minecraft:oak_planks":7,"minecraft:shield":1,"minecraft:wooden_pickaxe":44,"minecraft:rotten_flesh":7,"minecraft:iron_chestplate":1,"minecraft:torch":80,"minecraft:dirt":13,"minecraft:mutton":5,"minecraft:wheat":2,"minecraft:crafting_table":10,"minecraft:carrot":10,"minecraft:white_bed":4,"minecraft:tuff":4,"minecraft:granite":1,"minecraft:wooden_axe":20,"minecraft:lava_bucket":8,"minecraft:apple":1,"minecraft:iron_axe":62,"minecraft:iron_pickaxe":50,"minecraft:iron_helmet":1,"minecraft:iron_boots":1,"minecraft:stone_axe":13,"minecraft:cobblestone":48,"minecraft:beef":4,"minecraft:oak_sapling":2,"minecraft:furnace":2,"minecraft:cooked_porkchop":1,"minecraft:bucket":14,"minecraft:andesite":1,"minecraft:iron_leggings":1}},"DataVersion":3953}