{"stats":{"minecraft:crafted":{"minecraft:oak_planks":64,"minecraft:crafting_table":3,"minecraft:wooden_pickaxe":2,"minecraft:iron_helmet":1,"minecraft:furnace":2,"minecraft:stone_axe":1,"minecraft:air":0,"minecraft:iron_boots":1,"minecraft:iron_chestplate":1,"minecraft:shield":1,"minecraft:iron_axe":1,"minecraft:stick":40,"minecraft:iron_ingot":48,"minecraft:iron_pickaxe":1,"minecraft:stone_pickaxe":1,"minecraft:wooden_axe":3,"minecraft:iron_leggings":1,"minecraft:white_bed":1,"minecraft:torch":32},"minecraft:custom":{"minecraft:interact_with_furnace":23,"minecraft:mob_kills":11,"minecraft:interact_with_crafting_table":14,"minecraft:time_since_death":8273,"minecraft:time_since_rest":8457,"minecraft:sprint_one_cm":84514,"minecraft:damage_taken":1419,"minecraft:walk_one_cm":55209,"minecraft:damage_blocked_by_shield":30,"minecraft:drop":5,"minecraft:damage_dealt":1538,"minecraft:swim_one_cm":82668,"minecraft:fly_one_cm":115217,"minecraft:crouch_one_cm":318,"minecraft:play_time":47866,"minecraft:deaths":4,"minecraft:sneak_time":1205,"minecraft:walk_under_water_one_cm":20384,"minecraft:jump":767,"minecraft:walk_on_water_one_cm":11529,"minecraft:total_world_time":47866,"minecraft:fall_one_cm":29856},"minecraft:mined":{"minecraft:tuff":4,"minecraft:white_bed":2,"minecraft:crafting_table":8,"minecraft:torch":20,"minecraft:granite":1,"minecraft:short_grass":4,"minecraft:cobblestone":1,"minecraft:tall_grass":1,"minecraft:sugar_cane":5,"minecraft:diorite":3,"minecraft:wall_torch":13,"minecraft:magma_block":1,"minecraft:furnace":1,"minecraft:iron_ore":53,"minecraft:andesite":1,"minecraft:oak_log":20,"minecraft:coal_ore":20,"minecraft:deepslate_iron_ore":19,"minecraft:stone":63,"minecraft:oak_leaves":13,"minecraft:deepslate":4},"minecraft:picked_up":{"minecraft:wooden_axe":1,"minecraft:magma_block":1,"minecraft:iron_chestplate":1,"minecraft:crafting_table":8,"minecraft:andesite":1,"minecraft:leather":2,"minecraft:wooden_pickaxe":1,"minecraft:tuff":4,"minecraft:oak_log":19,"minecraft:shield":1,"minecraft:iron_axe":1,"minecraft:iron_leggings":1,"minecraft:apple":1,"minecraft:cobbled_deepslate":8,"minecraft:iron_ingot":17,"minecraft:beef":4,"minecraft:stone_pickaxe":1,"minecraft:iron_pickaxe":1,"minecraft:sugar_cane":9,"minecraft:oak_planks":5,"minecraft:iron_boots":1,"minecraft:furnace":2,"minecraft:stick":4,"minecraft:raw_iron":90,"minecraft:torch":58,"minecraft:diorite":3,"minecraft:white_bed":2,"minecraft:arrow":4,"minecraft:rotten_flesh":8,"minecraft:stone_axe":1,"minecraft:iron_helmet":1,"minecraft:granite":1,"minecraft:oak_sapling":2,"minecraft:mutton":5,"minecraft:coal":25,"minecraft:white_wool":3,"minecraft:cobblestone":62},"minecraft:killed_by":{"minecraft:skeleton":1,"minecraft:zombie":2},"minecraft:dropped":{"minecraft:sugar_cane":9,"minecraft:cobbled_deepslate":8,"minecraft:leather":2,"minecraft:oak_sapling":1},"minecraft:killed":{"minecraft:sheep":3,"minecraft:skeleton":1,"minecraft:zombie":5,"minecraft:cow":2},"minecraft:used":{"minecraft:diorite":1,"minecraft:stone_pickaxe":137,"minecraft:oak_planks":2,"minecraft:shield":1,"minecraft:wooden_pickaxe":14,"minecraft:rotten_flesh":7,"minecraft:iron_chestplate":1,"minecraft:torch":55,"minecraft:mutton":5,"minecraft:crafting_table":9,"minecraft:white_bed":2,"minecraft:tuff":4,"minecraft:granite":1,"minecraft:wooden_axe":20,"minecraft:apple":1,"minecraft:iron_axe":25,"minecraft:iron_pickaxe":36,"minecraft:iron_helmet":1,"minecraft:iron_boots":1,"minecraft:stone_axe":13,"minecraft:cobblestone":39,"minecraft:beef":4,"minecraft:oak_sapling":1,"minecraft:furnace":2,"minecraft:andesite":1,"minecraft:iron_leggings":1}},"DataVersion":3953}