{"stats":{"minecraft:crafted":{"minecraft:oak_planks":64,"minecraft:crafting_table":3,"minecraft:stick":24,"minecraft:wooden_pickaxe":2,"minecraft:stone_pickaxe":1,"minecraft:wooden_axe":3,"minecraft:furnace":1,"minecraft:stone_axe":1},"minecraft:custom":{"minecraft:time_since_rest":5914,"minecraft:sprint_one_cm":41668,"minecraft:damage_taken":855,"minecraft:walk_one_cm":13128,"minecraft:mob_kills":5,"minecraft:drop":3,"minecraft:damage_dealt":470,"minecraft:interact_with_crafting_table":5,"minecraft:swim_one_cm":56414,"minecraft:fly_one_cm":94765,"minecraft:crouch_one_cm":210,"minecraft:play_time":17866,"minecraft:deaths":3,"minecraft:sneak_time":254,"minecraft:walk_under_water_one_cm":9264,"minecraft:jump":432,"minecraft:walk_on_water_one_cm":7607,"minecraft:time_since_death":5879,"minecraft:total_world_time":17866,"minecraft:fall_one_cm":23691},"minecraft:mined":{"minecraft:crafting_table":3,"minecraft:short_grass":4,"minecraft:oak_log":20,"minecraft:tall_grass":1,"minecraft:stone":14,"minecraft:sugar_cane":5,"minecraft:oak_leaves":13},"minecraft:picked_up":{"minecraft:crafting_table":3,"minecraft:leather":2,"minecraft:oak_log":19,"minecraft:apple":1,"minecraft:beef":4,"minecraft:oak_sapling":2,"minecraft:sugar_cane":9,"minecraft:mutton":5,"minecraft:white_wool":3,"minecraft:cobblestone":14},"minecraft:killed_by":{"minecraft:skeleton":1,"minecraft:zombie":1},"minecraft:dropped":{"minecraft:sugar_cane":9,"minecraft:oak_sapling":1,"minecraft:leather":2},"minecraft:killed":{"minecraft:sheep":3,"minecraft:cow":2},"minecraft:used":{"minecraft:wooden_axe":20,"minecraft:apple":1,"minecraft:oak_planks":1,"minecraft:wooden_pickaxe":14,"minecraft:stone_axe":1,"minecraft:beef":2,"minecraft:crafting_table":4,"minecraft:oak_sapling":1}},"DataVersion":3953}