{"stats":{"minecraft:custom":{"minecraft:mob_kills":18,"minecraft:interact_with_crafting_table":20,"minecraft:leave_game":2,"minecraft:time_since_death":3952,"minecraft:climb_one_cm":2087,"minecraft:sprint_one_cm":227295,"minecraft:walk_one_cm":107521,"minecraft:damage_blocked_by_shield":80,"minecraft:drop":17,"minecraft:play_time":89767,"minecraft:deaths":5,"minecraft:sneak_time":2145,"minecraft:walk_under_water_one_cm":24914,"minecraft:jump":1718,"minecraft:walk_on_water_one_cm":16747,"minecraft:total_world_time":89767,"minecraft:interact_with_furnace":23,"minecraft:sleep_in_bed":2,"minecraft:time_since_rest":3988,"minecraft:damage_taken":2212,"minecraft:damage_dealt":2730,"minecraft:swim_one_cm":89807,"minecraft:fly_one_cm":284679,"minecraft:open_chest":2,"minecraft:crouch_one_cm":2597,"minecraft:fall_one_cm":66801,"minecraft:horse_one_cm":1502},"minecraft:crafted":{"minecraft:golden_carrot":1,"minecraft:oak_planks":108,"minecraft:furnace":2,"minecraft:flint_and_steel":1,"minecraft:iron_boots":1,"minecraft:iron_axe":1,"minecraft:stone_pickaxe":1,"minecraft:golden_boots":1,"minecraft:crafting_table":5,"minecraft:wooden_pickaxe":6,"minecraft:iron_helmet":1,"minecraft:bucket":1,"minecraft:stone_axe":1,"minecraft:air":0,"minecraft:iron_chestplate":1,"minecraft:shield":1,"minecraft:stick":48,"minecraft:iron_ingot":48,"minecraft:iron_pickaxe":1,"minecraft:wooden_axe":3,"minecraft:gold_ingot":14,"minecraft:iron_leggings":1,"minecraft:white_bed":1,"minecraft:torch":32},"minecraft:picked_up":{"minecraft:crafting_table":10,"minecraft:iron_chestplate":1,"minecraft:wheat":2,"minecraft:wooden_pickaxe":1,"minecraft:golden_sword":1,"minecraft:shield":1,"minecraft:iron_axe":1,"minecraft:iron_leggings":1,"minecraft:gold_nugget":198,"minecraft:cobbled_deepslate":8,"minecraft:beef":4,"minecraft:iron_pickaxe":2,"minecraft:sugar_cane":9,"minecraft:egg":1,"minecraft:iron_boots":1,"minecraft:furnace":2,"minecraft:stick":4,"minecraft:raw_iron":90,"minecraft:torch":75,"minecraft:diorite":3,"minecraft:carrot":40,"minecraft:arrow":4,"minecraft:rotten_flesh":13,"minecraft:mutton":5,"minecraft:white_wool":3,"minecraft:cobblestone":73,"minecraft:magma_block":1,"minecraft:andesite":1,"minecraft:leather":2,"minecraft:potato":9,"minecraft:filled_map":1,"minecraft:flint":1,"minecraft:tuff":4,"minecraft:oak_log":30,"minecraft:dirt":18,"minecraft:twisting_vines":3,"minecraft:bone":1,"minecraft:apple":1,"minecraft:wheat_seeds":11,"minecraft:stone_pickaxe":1,"minecraft:iron_ingot":17,"minecraft:oak_planks":8,"minecraft:cooked_porkchop":3,"minecraft:warped_wart_block":2,"minecraft:gravel":7,"minecraft:white_bed":4,"minecraft:stone_axe":1,"minecraft:iron_helmet":1,"minecraft:granite":1,"minecraft:oak_sapling":3,"minecraft:netherrack":46,"minecraft:coal":32,"minecraft:crimson_roots":1,"minecraft:wooden_axe":1},"minecraft:mined":{"minecraft:nether_gold_ore":60,"minecraft:tuff":4,"minecraft:white_bed":4,"minecraft:granite":1,"minecraft:grass_block":10,"minecraft:crimson_roots":1,"minecraft:magma_block":1,"minecraft:furnace":1,"minecraft:carrots":38,"minecraft:iron_ore":53,"minecraft:fire":16,"minecraft:andesite":1,"minecraft:twisting_vines":2,"minecraft:potatoes":4,"minecraft:deepslate_iron_ore":19,"minecraft:stone":73,"minecraft:twisting_vines_plant":2,"minecraft:crafting_table":10,"minecraft:torch":29,"minecraft:short_grass":20,"minecraft:tall_grass":5,"minecraft:cobblestone":1,"minecraft:sugar_cane":5,"minecraft:oak_planks":3,"minecraft:diorite":3,"minecraft:wall_torch":22,"minecraft:warped_wart_block":2,"minecraft:warped_nylium":2,"minecraft:wheat":4,"minecraft:oak_log":31,"minecraft:coal_ore":27,"minecraft:gravel":9,"minecraft:dirt":9,"minecraft:netherrack":49,"minecraft:oak_leaves":14,"minecraft:deepslate":4},"minecraft:killed_by":{"minecraft:skeleton":1,"minecraft:zombie":2},"minecraft:broken":{"minecraft:stone_pickaxe":1},"minecraft:dropped":{"minecraft:wheat_seeds":1,"minecraft:cobblestone":2,"minecraft:leather":2,"minecraft:dirt":1,"minecraft:iron_pickaxe":1,"minecraft:gravel":7,"minecraft:sugar_cane":9,"minecraft:cobbled_deepslate":8,"minecraft:filled_map":2,"minecraft:oak_sapling":1,"minecraft:golden_sword":1,"minecraft:wooden_pickaxe":3,"minecraft:netherrack":3},"minecraft:killed":{"minecraft:skeleton":2,"minecraft:piglin":1,"minecraft:pig":1,"minecraft:creeper":1,"minecraft:sheep":3,"minecraft:zombie":8,"minecraft:cow":2},"minecraft:used":{"minecraft:flint_and_steel":2,"minecraft:shield":2,"minecraft:rotten_flesh":7,"minecraft:netherrack":31,"minecraft:iron_chestplate":1,"minecraft:torch":80,"minecraft:dirt":13,"minecraft:mutton":5,"minecraft:wheat":2,"minecraft:twisting_vines":2,"minecraft:carrot":13,"minecraft:tuff":4,"minecraft:granite":1,"minecraft:wooden_axe":20,"minecraft:lava_bucket":8,"minecraft:iron_axe":70,"minecraft:iron_helmet":1,"minecraft:iron_boots":1,"minecraft:golden_carrot":1,"minecraft:beef":4,"minecraft:furnace":2,"minecraft:oak_sapling":2,"minecraft:iron_leggings":1,"minecraft:wheat_seeds":7,"minecraft:water_bucket":5,"minecraft:diorite":1,"minecraft:stone_pickaxe":146,"minecraft:oak_planks":9,"minecraft:wooden_pickaxe":44,"minecraft:crafting_table":12,"minecraft:white_bed":5,"minecraft:apple":1,"minecraft:iron_pickaxe":168,"minecraft:stone_axe":13,"minecraft:cobblestone":48,"minecraft:cooked_porkchop":3,"minecraft:bucket":14,"minecraft:andesite":1}},"DataVersion":3953}