{"stats":{"minecraft:crafted":{"minecraft:oak_planks":64,"minecraft:crafting_table":3,"minecraft:stick":32,"minecraft:wooden_pickaxe":2,"minecraft:stone_pickaxe":1,"minecraft:wooden_axe":3,"minecraft:furnace":2,"minecraft:white_bed":1,"minecraft:torch":32,"minecraft:stone_axe":1},"minecraft:custom":{"minecraft:time_since_rest":17914,"minecraft:interact_with_furnace":4,"minecraft:sprint_one_cm":76125,"minecraft:damage_taken":1020,"minecraft:walk_one_cm":36531,"minecraft:mob_kills":7,"minecraft:drop":3,"minecraft:damage_dealt":869,"minecraft:interact_with_crafting_table":7,"minecraft:swim_one_cm":57590,"minecraft:fly_one_cm":109764,"minecraft:crouch_one_cm":318,"minecraft:play_time":29866,"minecraft:deaths":3,"minecraft:sneak_time":297,"minecraft:walk_under_water_one_cm":10380,"minecraft:jump":614,"minecraft:walk_on_water_one_cm":10031,"minecraft:time_since_death":17879,"minecraft:total_world_time":29866,"minecraft:fall_one_cm":28006},"minecraft:mined":{"minecraft:tuff":3,"minecraft:iron_ore":29,"minecraft:andesite":1,"minecraft:crafting_table":4,"minecraft:torch":17,"minecraft:short_grass":4,"minecraft:deepslate_iron_ore":19,"minecraft:coal_ore":20,"minecraft:oak_log":20,"minecraft:tall_grass":1,"minecraft:stone":30,"minecraft:sugar_cane":5,"minecraft:deepslate":4,"minecraft:wall_torch":9,"minecraft:oak_leaves":13},"minecraft:picked_up":{"minecraft:raw_iron":48,"minecraft:crafting_table":4,"minecraft:andesite":1,"minecraft:leather":2,"minecraft:torch":29,"minecraft:tuff":3,"minecraft:oak_log":19,"minecraft:rotten_flesh":3,"minecraft:apple":1,"minecraft:cobbled_deepslate":4,"minecraft:beef":4,"minecraft:oak_sapling":2,"minecraft:sugar_cane":9,"minecraft:mutton":5,"minecraft:coal":20,"minecraft:white_wool":3,"minecraft:cobblestone":29},"minecraft:killed_by":{"minecraft:skeleton":1,"minecraft:zombie":1},"minecraft:dropped":{"minecraft:sugar_cane":9,"minecraft:oak_sapling":1,"minecraft:leather":2},"minecraft:killed":{"minecraft:sheep":3,"minecraft:zombie":2,"minecraft:cow":2},"minecraft:used":{"minecraft:wooden_axe":20,"minecraft:apple":1,"minecraft:stone_pickaxe":106,"minecraft:oak_planks":1,"minecraft:wooden_pickaxe":14,"minecraft:cobblestone":7,"minecraft:rotten_flesh":3,"minecraft:stone_axe":12,"minecraft:torch":40,"minecraft:mutton":5,"minecraft:beef":4,"minecraft:crafting_table":6,"minecraft:furnace":1,"minecraft:oak_sapling":1,"minecraft:andesite":1,"minecraft:tuff":3}},"DataVersion":3953}