{"stats":{"minecraft:custom":{"minecraft:mob_kills":18,"minecraft:interact_with_crafting_table":20,"minecraft:leave_game":4,"minecraft:time_since_death":1305,"minecraft:climb_one_cm":2087,"minecraft:sprint_one_cm":259784,"minecraft:walk_one_cm":130081,"minecraft:damage_blocked_by_shield":80,"minecraft:drop":21,"minecraft:play_time":98686,"minecraft:deaths":12,"minecraft:sneak_time":2446,"minecraft:walk_under_water_one_cm":24914,"minecraft:jump":2006,"minecraft:walk_on_water_one_cm":16747,"minecraft:total_world_time":98686,"minecraft:interact_with_furnace":27,"minecraft:sleep_in_bed":2,"minecraft:time_since_rest":1336,"minecraft:damage_taken":3970,"minecraft:damage_dealt":3284,"minecraft:swim_one_cm":89807,"minecraft:fly_one_cm":341173,"minecraft:player_kills":1,"minecraft:open_chest":5,"minecraft:crouch_one_cm":3308,"minecraft:fall_one_cm":76123,"minecraft:horse_one_cm":1502},"minecraft:crafted":{"minecraft:golden_carrot":1,"minecraft:oak_planks":124,"minecraft:furnace":2,"minecraft:flint_and_steel":1,"minecraft:iron_boots":1,"minecraft:iron_axe":1,"minecraft:stone_pickaxe":1,"minecraft:golden_boots":1,"minecraft:crafting_table":6,"minecraft:wooden_pickaxe":6,"minecraft:iron_helmet":1,"minecraft:bucket":1,"minecraft:stone_axe":1,"minecraft:air":0,"minecraft:iron_chestplate":1,"minecraft:shield":1,"minecraft:stick":56,"minecraft:iron_ingot":48,"minecraft:iron_pickaxe":1,"minecraft:wooden_axe":3,"minecraft:gold_ingot":14,"minecraft:iron_leggings":1,"minecraft:white_bed":1,"minecraft:torch":32},"minecraft:picked_up":{"minecraft:crafting_table":10,"minecraft:iron_chestplate":1,"minecraft:wheat":2,"minecraft:leather_leggings":1,"minecraft:wooden_pickaxe":1,"minecraft:golden_sword":1,"minecraft:shield":1,"minecraft:iron_axe":1,"minecraft:iron_leggings":1,"minecraft:gold_nugget":198,"minecraft:cobbled_deepslate":8,"minecraft:beef":4,"minecraft:iron_pickaxe":2,"minecraft:sugar_cane":9,"minecraft:egg":2,"minecraft:furnace":2,"minecraft:iron_boots":1,"minecraft:stick":5,"minecraft:raw_iron":106,"minecraft:torch":75,"minecraft:diorite":3,"minecraft:carrot":40,"minecraft:arrow":4,"minecraft:rotten_flesh":13,"minecraft:mutton":5,"minecraft:white_wool":3,"minecraft:cobblestone":74,"minecraft:magma_block":1,"minecraft:leather_chestplate":1,"minecraft:andesite":1,"minecraft:leather":2,"minecraft:potato":9,"minecraft:filled_map":1,"minecraft:flint":1,"minecraft:tuff":4,"minecraft:oak_log":34,"minecraft:dirt":23,"minecraft:twisting_vines":3,"minecraft:bone":1,"minecraft:apple":2,"minecraft:wheat_seeds":14,"minecraft:stone_pickaxe":1,"minecraft:iron_ingot":20,"minecraft:oak_planks":8,"minecraft:cooked_porkchop":3,"minecraft:warped_wart_block":2,"minecraft:gravel":7,"minecraft:white_bed":4,"minecraft:leather_helmet":1,"minecraft:stone_axe":1,"minecraft:iron_helmet":1,"minecraft:granite":1,"minecraft:oak_sapling":5,"minecraft:netherrack":46,"minecraft:coal":32,"minecraft:crimson_roots":1,"minecraft:wooden_axe":1},"minecraft:mined":{"minecraft:nether_gold_ore":60,"minecraft:tuff":4,"minecraft:white_bed":4,"minecraft:granite":1,"minecraft:grass_block":10,"minecraft:crimson_roots":1,"minecraft:magma_block":1,"minecraft:furnace":1,"minecraft:carrots":38,"minecraft:iron_ore":53,"minecraft:fire":16,"minecraft:andesite":1,"minecraft:twisting_vines":2,"minecraft:potatoes":4,"minecraft:deepslate_iron_ore":19,"minecraft:stone":73,"minecraft:twisting_vines_plant":2,"minecraft:crafting_table":10,"minecraft:torch":29,"minecraft:short_grass":68,"minecraft:tall_grass":12,"minecraft:cobblestone":4,"minecraft:sugar_cane":5,"minecraft:oak_planks":3,"minecraft:diorite":3,"minecraft:wall_torch":22,"minecraft:warped_wart_block":2,"minecraft:warped_nylium":2,"minecraft:wheat":4,"minecraft:oak_log":35,"minecraft:coal_ore":27,"minecraft:gravel":9,"minecraft:dirt":12,"minecraft:netherrack":49,"minecraft:oak_leaves":14,"minecraft:deepslate":4},"minecraft:broken":{"minecraft:stone_pickaxe":1,"minecraft:wooden_axe":1},"minecraft:killed_by":{"minecraft:player":7,"minecraft:skeleton":1,"minecraft:zombie":2},"minecraft:dropped":{"minecraft:wheat_seeds":1,"minecraft:cobblestone":2,"minecraft:leather":2,"minecraft:leather_helmet":1,"minecraft:dirt":1,"minecraft:iron_pickaxe":1,"minecraft:gravel":7,"minecraft:sugar_cane":9,"minecraft:cobbled_deepslate":8,"minecraft:filled_map":2,"minecraft:leather_chestplate":1,"minecraft:oak_sapling":3,"minecraft:golden_sword":1,"minecraft:leather_leggings":1,"minecraft:wooden_pickaxe":3,"minecraft:netherrack":3},"minecraft:killed":{"minecraft:skeleton":2,"minecraft:piglin":1,"minecraft:pig":1,"minecraft:creeper":1,"minecraft:sheep":3,"minecraft:zombie":8,"minecraft:cow":2},"minecraft:used":{"minecraft:flint_and_steel":2,"minecraft:shield":2,"minecraft:rotten_flesh":7,"minecraft:netherrack":31,"minecraft:iron_chestplate":1,"minecraft:torch":80,"minecraft:dirt":21,"minecraft:mutton":5,"minecraft:wheat":2,"minecraft:twisting_vines":2,"minecraft:carrot":13,"minecraft:tuff":4,"minecraft:granite":1,"minecraft:wooden_axe":42,"minecraft:lava_bucket":8,"minecraft:iron_axe":70,"minecraft:iron_helmet":1,"minecraft:iron_boots":1,"minecraft:golden_carrot":1,"minecraft:beef":4,"minecraft:oak_sapling":2,"minecraft:furnace":2,"minecraft:egg":1,"minecraft:iron_leggings":1,"minecraft:wheat_seeds":7,"minecraft:water_bucket":5,"minecraft:diorite":1,"minecraft:stone_pickaxe":146,"minecraft:oak_planks":15,"minecraft:wooden_pickaxe":49,"minecraft:crafting_table":12,"minecraft:white_bed":5,"minecraft:apple":2,"minecraft:iron_pickaxe":168,"minecraft:stone_axe":13,"minecraft:cobblestone":49,"minecraft:cooked_porkchop":3,"minecraft:andesite":1,"minecraft:bucket":14}},"DataVersion":3953}