{"stats":{"minecraft:crafted":{"minecraft:oak_planks":16,"minecraft:crafting_table":1,"minecraft:stick":8,"minecraft:wooden_pickaxe":1,"minecraft:wooden_axe":1},"minecraft:custom":{"minecraft:time_since_rest":5866,"minecraft:play_time":5866,"minecraft:sprint_one_cm":10996,"minecraft:damage_taken":160,"minecraft:walk_one_cm":2905,"minecraft:sneak_time":39,"minecraft:walk_under_water_one_cm":1244,"minecraft:drop":1,"minecraft:jump":130,"minecraft:damage_dealt":10,"minecraft:time_since_death":5866,"minecraft:walk_on_water_one_cm":2678,"minecraft:total_world_time":5866,"minecraft:swim_one_cm":17602,"minecraft:interact_with_crafting_table":1,"minecraft:fall_one_cm":4715,"minecraft:fly_one_cm":27985},"minecraft:mined":{"minecraft:oak_log":4,"minecraft:sugar_cane":5,"minecraft:crafting_table":1,"minecraft:oak_leaves":3},"minecraft:picked_up":{"minecraft:crafting_table":1,"minecraft:oak_log":4,"minecraft:sugar_cane":9},"minecraft:dropped":{"minecraft:sugar_cane":9},"minecraft:used":{"minecraft:wooden_axe":1,"minecraft:crafting_table":1}},"DataVersion":3953}