{"stats":{"minecraft:crafted":{"minecraft:oak_planks":88,"minecraft:crafting_table":4,"minecraft:wooden_pickaxe":2,"minecraft:iron_helmet":1,"minecraft:furnace":2,"minecraft:bucket":1,"minecraft:stone_axe":1,"minecraft:air":0,"minecraft:iron_boots":1,"minecraft:iron_chestplate":1,"minecraft:shield":1,"minecraft:iron_axe":1,"minecraft:stick":40,"minecraft:iron_ingot":48,"minecraft:iron_pickaxe":1,"minecraft:stone_pickaxe":1,"minecraft:wooden_axe":3,"minecraft:iron_leggings":1,"minecraft:white_bed":1,"minecraft:torch":32},"minecraft:custom":{"minecraft:interact_with_furnace":23,"minecraft:mob_kills":12,"minecraft:interact_with_crafting_table":15,"minecraft:time_since_death":20273,"minecraft:sleep_in_bed":1,"minecraft:time_since_rest":9279,"minecraft:sprint_one_cm":125589,"minecraft:damage_taken":1481,"minecraft:walk_one_cm":68519,"minecraft:damage_blocked_by_shield":30,"minecraft:drop":8,"minecraft:damage_dealt":1739,"minecraft:swim_one_cm":83978,"minecraft:fly_one_cm":167703,"minecraft:open_chest":2,"minecraft:crouch_one_cm":345,"minecraft:play_time":59866,"minecraft:deaths":4,"minecraft:sneak_time":1322,"minecraft:walk_under_water_one_cm":21690,"minecraft:jump":1033,"minecraft:walk_on_water_one_cm":12661,"minecraft:total_world_time":59866,"minecraft:fall_one_cm":39661},"minecraft:mined":{"minecraft:tuff":4,"minecraft:white_bed":3,"minecraft:crafting_table":9,"minecraft:torch":20,"minecraft:granite":1,"minecraft:short_grass":6,"minecraft:grass_block":8,"minecraft:cobblestone":1,"minecraft:tall_grass":2,"minecraft:sugar_cane":5,"minecraft:diorite":3,"minecraft:wall_torch":15,"minecraft:magma_block":1,"minecraft:furnace":1,"minecraft:carrots":38,"minecraft:iron_ore":53,"minecraft:wheat":4,"minecraft:andesite":1,"minecraft:potatoes":4,"minecraft:oak_log":26,"minecraft:coal_ore":27,"minecraft:deepslate_iron_ore":19,"minecraft:dirt":6,"minecraft:stone":73,"minecraft:oak_leaves":14,"minecraft:deepslate":4},"minecraft:picked_up":{"minecraft:wooden_axe":1,"minecraft:magma_block":1,"minecraft:iron_chestplate":1,"minecraft:crafting_table":9,"minecraft:wheat":2,"minecraft:andesite":1,"minecraft:leather":2,"minecraft:wooden_pickaxe":1,"minecraft:potato":9,"minecraft:filled_map":1,"minecraft:tuff":4,"minecraft:oak_log":25,"minecraft:shield":1,"minecraft:dirt":14,"minecraft:iron_axe":1,"minecraft:iron_leggings":1,"minecraft:apple":1,"minecraft:wheat_seeds":8,"minecraft:cobbled_deepslate":8,"minecraft:iron_ingot":17,"minecraft:beef":4,"minecraft:stone_pickaxe":1,"minecraft:iron_pickaxe":1,"minecraft:sugar_cane":9,"minecraft:oak_planks":5,"minecraft:egg":1,"minecraft:iron_boots":1,"minecraft:furnace":2,"minecraft:stick":4,"minecraft:raw_iron":90,"minecraft:torch":60,"minecraft:diorite":3,"minecraft:white_bed":3,"minecraft:carrot":40,"minecraft:arrow":4,"minecraft:rotten_flesh":8,"minecraft:stone_axe":1,"minecraft:iron_helmet":1,"minecraft:granite":1,"minecraft:oak_sapling":3,"minecraft:mutton":5,"minecraft:coal":32,"minecraft:white_wool":3,"minecraft:cobblestone":73},"minecraft:killed_by":{"minecraft:skeleton":1,"minecraft:zombie":2},"minecraft:dropped":{"minecraft:sugar_cane":9,"minecraft:cobbled_deepslate":8,"minecraft:leather":2,"minecraft:filled_map":2,"minecraft:dirt":1,"minecraft:oak_sapling":1},"minecraft:broken":{"minecraft:stone_pickaxe":1},"minecraft:killed":{"minecraft:sheep":3,"minecraft:skeleton":1,"minecraft:zombie":6,"minecraft:cow":2},"minecraft:used":{"minecraft:wheat_seeds":7,"minecraft:water_bucket":3,"minecraft:diorite":1,"minecraft:stone_pickaxe":146,"minecraft:oak_planks":2,"minecraft:shield":1,"minecraft:wooden_pickaxe":44,"minecraft:rotten_flesh":7,"minecraft:iron_chestplate":1,"minecraft:torch":58,"minecraft:dirt":13,"minecraft:mutton":5,"minecraft:wheat":2,"minecraft:crafting_table":10,"minecraft:carrot":6,"minecraft:white_bed":3,"minecraft:tuff":4,"minecraft:granite":1,"minecraft:wooden_axe":20,"minecraft:lava_bucket":8,"minecraft:apple":1,"minecraft:iron_axe":38,"minecraft:iron_pickaxe":44,"minecraft:iron_helmet":1,"minecraft:iron_boots":1,"minecraft:stone_axe":13,"minecraft:cobblestone":48,"minecraft:beef":4,"minecraft:oak_sapling":2,"minecraft:furnace":2,"minecraft:bucket":11,"minecraft:andesite":1,"minecraft:iron_leggings":1}},"DataVersion":3953}